email,nombre,apellidos,password_hash,telefono,fecha_registro
mateo.garcia.82@gmail.com,Mateo,García,$2b$12$e9.O7UvR64mD0zS.9qELeO79LzM9M92aB1q8A1b2C3d4E5f6G7h8I,+528341012345,2025-01-15 08:23:10
sofia.rodriguez.19@yahoo.com,Sofía,Rodríguez,$2b$12$k8.L1XyZ44mD0zS.9qELeO79LzM9M92aB1q8A1b2C3d4E5f6G7h8J,+528182023456,2025-01-16 11:45:22
santiago.martinez.94@outlook.com,Santiago,Martínez,$2b$12$m2.P3QaW77mD0zS.9qELeO79LzM9M92aB1q8A1b2C3d4E5f6G7h8K,+525513034567,2025-01-18 14:12:05
valentina.hernandez.31@gmail.com,Valentina,Hernández,$2b$12$n9.R5StU22mD0zS.9qELeO79LzM9M92aB1q8A1b2C3d4E5f6G7h8L,+523314045678,2025-01-19 09:30:40
sebastian.lopez.55@hotmail.com,Sebastián,López,$2b$12$p4.T7UvX11mD0zS.9qELeO79LzM9M92aB1q8A1b2C3d4E5f6G7h8M,+522225056789,2025-01-21 16:55:19
camila.gonzalez.88@gmail.com,Camila,González,$2b$12$q1.V9WxY99mD0zS.9qELeO79LzM9M92aB1q8A1b2C3d4E5f6G7h8N,+524426067890,2025-01-23 10:05:44
leonardo.perez.62@yahoo.com,Leonardo,Pérez,$2b$12$r3.X1YzA88mD0zS.9qELeO79LzM9M92aB1q8A1b2C3d4E5f6G7h8O,+528337078901,2025-01-25 18:20:12
valeria.sanchez.47@gmail.com,Valeria,Sánchez,$2b$12$s5.Z3AbB77mD0zS.9qELeO79LzM9M92aB1q8A1b2C3d4E5f6G7h8P,+528188089012,2025-01-28 07:14:33
diego.ramirez.23@outlook.com,Diego,Ramírez,$2b$12$t7.B5CdC66mD0zS.9qELeO79LzM9M92aB1q8A1b2C3d4E5f6G7h8Q,+525519090123,2025-02-01 12:40:00
marian.torres.71@gmail.com,Mariana,Torres,$2b$12$u9.D7EfD55mD0zS.9qELeO79LzM9M92aB1q8A1b2C3d4E5f6G7h8R,+523320101234,2025-02-03 15:18:29
gabriel.flores.14@hotmail.com,Gabriel,Flores,$2b$12$v1.F9GhE44mD0zS.9qELeO79LzM9M92aB1q8A1b2C3d4E5f6G7h8S,+522221112345,2025-02-05 20:02:11
lucia.vazquez.39@gmail.com,Lucía,Vázquez,$2b$12$w3.H1IjF33mD0zS.9qELeO79LzM9M92aB1q8A1b2C3d4E5f6G7h8T,+524422123456,2025-02-07 13:45:50
lucas.castillo.83@yahoo.com,Lucas,Castillo,$2b$12$x5.J3KlG22mD0zS.9qELeO79LzM9M92aB1q8A1b2C3d4E5f6G7h8U,+528343134567,2025-02-10 09:11:05
emma.gomez.96@gmail.com,Emma,Gómez,$2b$12$y7.L5MnH11mD0zS.9qELeO79LzM9M92aB1q8A1b2C3d4E5f6G7h8V,+528184145678,2025-02-12 17:33:41
alexander.diaz.51@outlook.com,Alexander,Díaz,$2b$12$z9.N7OpI00mD0zS.9qELeO79LzM9M92aB1q8A1b2C3d4E5f6G7h8W,+525515156789,2025-02-15 11:22:19
mía.morales.78@gmail.com,Mía,Morales,$2b$12$a1.P9QrJ99mD0zS.9qELeO79LzM9M92aB1q8A1b2C3d4E5f6G7h8X,+523326167890,2025-02-17 19:04:55
daniel.alvarez.35@hotmail.com,Daniel,Álvarez,$2b$12$b3.R1StK88mD0zS.9qELeO79LzM9M92aB1q8A1b2C3d4E5f6G7h8Y,+522227178901,2025-02-20 08:50:30
isabella.reyes.67@gmail.com,Isabella,Reyes,$2b$12$c5.T3UvL77mD0zS.9qELeO79LzM9M92aB1q8A1b2C3d4E5f6G7h8Z,+524428189012,2025-02-22 15:14:02
adrian.cruz.29@yahoo.com,Adrián,Cruz,$2b$12$d7.V5WxM66mD0zS.9qELeO79LzM9M92aB1q8A1b2C3d4E5f6G7h8A,+528339190123,2025-02-25 10:41:18
renata.ruiz.42@gmail.com,Renata,Ruiz,$2b$12$e9.X7YzN55mD0zS.9qELeO79LzM9M92aB1q8A1b2C3d4E5f6G7h8B,+528180201234,2025-02-27 21:09:47
nicolas.gutierrez.91@outlook.com,Nicolás,Gutiérrez,$2b$12$f1.Z9AbO44mD0zS.9qELeO79LzM9M92aB1q8A1b2C3d4E5f6G7h8C,+525521212345,2025-03-01 12:00:00
victoria.ortiz.16@gmail.com,Victoria,Ortiz,$2b$12$g3.B1CdP33mD0zS.9qELeO79LzM9M92aB1q8A1b2C3d4E5f6G7h8D,+523322223456,2025-03-03 14:27:35
samuel.mendoza.84@hotmail.com,Samuel,Mendoza,$2b$12$h5.D3EfQ22mD0zS.9qELeO79LzM9M92aB1q8A1b2C3d4E5f6G7h8E,+522223234567,2025-03-05 18:05:12
natalia.aguilar.73@gmail.com,Natalia,Aguilar,$2b$12$i7.F5GhR11mD0zS.9qELeO79LzM9M92aB1q8A1b2C3d4E5f6G7h8F,+524424245678,2025-03-08 09:48:20
benjamin.mendez.60@yahoo.com,Benjamín,Méndez,$2b$12$j9.H7IjS00mD0zS.9qELeO79LzM9M92aB1q8A1b2C3d4E5f6G7h8G,+528345256789,2025-03-10 16:32:01
zoe.moreno.27@gmail.com,Zoe,Moreno,$2b$12$k1.J9KlT99mD0zS.9qELeO79LzM9M92aB1q8A1b2C3d4E5f6G7h8H,+528186267890,2025-03-12 11:15:40
joaquin.castillo.48@outlook.com,Joaquín,Castillo,$2b$12$l3.L1MnU88mD0zS.9qELeO79LzM9M92aB1q8A1b2C3d4E5f6G7h8I,+525527278901,2025-03-15 13:50:11
daniella.vargas.11@gmail.com,Daniella,Vargas,$2b$12$m5.N3OpV77mD0zS.9qELeO79LzM9M92aB1q8A1b2C3d4E5f6G7h8J,+523328289012,2025-03-17 20:10:05
emiliano.castro.33@hotmail.com,Emiliano,Castro,$2b$12$n7.P5QrW66mD0zS.9qELeO79LzM9M92aB1q8A1b2C3d4E5f6G7h8K,+522229290123,2025-03-20 07:25:30
regina.romero.89@gmail.com,Regina,Romero,$2b$12$o9.R7StX55mD0zS.9qELeO79LzM9M92aB1q8A1b2C3d4E5f6G7h8L,+524430301234,2025-03-22 15:42:19
agustin.suarez.52@yahoo.com,Agustín,Suárez,$2b$12$p1.T9UvY44mD0zS.9qELeO79LzM9M92aB1q8A1b2C3d4E5f6G7h8M,+528331312345,2025-03-25 10:08:50
paulina.blanco.76@gmail.com,Paulina,Blanco,$2b$12$q3.V1WxZ33mD0zS.9qELeO79LzM9M92aB1q8A1b2C3d4E5f6G7h8N,+528182323456,2025-03-27 18:33:14
david.delgado.24@outlook.com,David,Delgado,$2b$12$r5.X3YzA22mD0zS.9qELeO79LzM9M92aB1q8A1b2C3d4E5f6G7h8O,+525533334567,2025-03-30 12:19:00
ximena.navarro.65@gmail.com,Ximena,Navarro,$2b$12$s7.Z5AbB11mD0zS.9qELeO79LzM9M92aB1q8A1b2C3d4E5f6G7h8P,+523334345678,2025-04-01 09:05:44
felipe.vega.41@hotmail.com,Felipe,Vega,$2b$12$t9.B7CdC00mD0zS.9qELeO79LzM9M92aB1q8A1b2C3d4E5f6G7h8Q,+522235356789,2025-04-03 14:50:22
andrea.maldonado.18@gmail.com,Andrea,Maldonado,$2b$12$u1.D9EfD99mD0zS.9qELeO79LzM9M92aB1q8A1b2C3d4E5f6G7h8R,+524436367890,2025-04-06 17:11:15
maximilian.rubio.93@yahoo.com,Maximilian,Rubio,$2b$12$v3.F1GhE88mD0zS.9qELeO79LzM9M92aB1q8A1b2C3d4E5f6G7h8S,+528347378901,2025-04-08 11:30:00
fernanda.pineda.37@gmail.com,Fernanda,Pineda,$2b$12$w5.H3IjF77mD0zS.9qELeO79LzM9M92aB1q8A1b2C3d4E5f6G7h8T,+528188389012,2025-04-11 08:24:09
bruno.strada.80@outlook.com,Bruno,Estrada,$2b$12$x7.J5KlG66mD0zS.9qELeO79LzM9M92aB1q8A1b2C3d4E5f6G7h8U,+525539390123,2025-04-13 19:40:33
guadalupe.ortega.59@gmail.com,Guadalupe,Ortega,$2b$12$y9.L7MnH55mD0zS.9qELeO79LzM9M92aB1q8A1b2C3d4E5f6G7h8V,+523340401234,2025-04-16 13:02:50
thiago.silva.22@hotmail.com,Thiago,Silva,$2b$12$z1.N9OpI44mD0zS.9qELeO79LzM9M92aB1q8A1b2C3d4E5f6G7h8W,+522241412345,2025-04-18 10:15:10
guillermo.soto.74@gmail.com,Guillermo,Soto,$2b$12$a3.P1QrJ33mD0zS.9qELeO79LzM9M92aB1q8A1b2C3d4E5f6G7h8X,+524442423456,2025-04-21 16:28:44
luciana.marquez.13@yahoo.com,Luciana,Márquez,$2b$12$b5.R3StK22mD0zS.9qELeO79LzM9M92aB1q8A1b2C3d4E5f6G7h8Y,+528333434567,2025-04-23 21:55:01
rodrigo.cortes.86@gmail.com,Rodrigo,Cortés,$2b$12$c7.T5UvL11mD0zS.9qELeO79LzM9M92aB1q8A1b2C3d4E5f6G7h8Z,+528184445678,2025-04-26 09:37:12
carolina.lara.49@outlook.com,Carolina,Lara,$2b$12$d9.V7WxM00mD0zS.9qELeO79LzM9M92aB1q8A1b2C3d4E5f6G7h8A,+525545456789,2025-04-28 12:09:40
emilio.solis.92@gmail.com,Emilio,Solís,$2b$12$e1.X9YzN99mD0zS.9qELeO79LzM9M92aB1q8A1b2C3d4E5f6G7h8B,+523346467890,2025-05-01 14:50:00
monserrat.ibarra.30@hotmail.com,Monserrat,Ibarra,$2b$12$f3.Z1AbO88mD0zS.9qELeO79LzM9M92aB1q8A1b2C3d4E5f6G7h8C,+522247478901,2025-05-03 08:14:22
alberto.pacheco.66@gmail.com,Alberto,Pacheco,$2b$12$g5.B3CdP77mD0zS.9qELeO79LzM9M92aB1q8A1b2C3d4E5f6G7h8D,+524448489012,2025-05-06 18:03:09
marina.juarez.15@yahoo.com,Marina,Juárez,$2b$12$h7.D5EfQ66mD0zS.9qELeO79LzM9M92aB1q8A1b2C3d4E5f6G7h8E,+528349490123,2025-05-08 11:27:54
esteban.figueroa.81@gmail.com,Esteban,Figueroa,$2b$12$i9.F7GhR55mD0zS.9qELeO79LzM9M92aB1q8A1b2C3d4E5f6G7h8F,+528180501234,2025-05-11 15:40:18
paloma.campos.28@outlook.com,Paloma,Campos,$2b$12$j1.H9IjS44mD0zS.9qELeO79LzM9M92aB1q8A1b2C3d4E5f6G7h8G,+525551512345,2025-05-13 10:19:33
rafael.cardenas.95@gmail.com,Rafael,Cárdenas,$2b$12$k3.J1KlT33mD0zS.9qELeO79LzM9M92aB1q8A1b2C3d4E5f6G7h8H,+523352523456,2025-05-16 20:05:01
samanta.vega.54@hotmail.com,Samanta,Vega,$2b$12$l5.L3MnU22mD0zS.9qELeO79LzM9M92aB1q8A1b2C3d4E5f6G7h8I,+522253534567,2025-05-18 13:42:15
mario.leyva.70@gmail.com,Mario,Leyva,$2b$12$m7.N5OpV11mD0zS.9qELeO79LzM9M92aB1q8A1b2C3d4E5f6G7h8J,+524454545678,2025-05-21 09:11:40
rebeca.miranda.36@yahoo.com,Rebeca,Miranda,$2b$12$n9.P7QrW00mD0zS.9qELeO79LzM9M92aB1q8A1b2C3d4E5f6G7h8K,+528335556789,2025-05-23 17:30:22
hugo.mejia.87@gmail.com,Hugo,Mejía,$2b$12$o1.R9StX99mD0zS.9qELeO79LzM9M92aB1q8A1b2C3d4E5f6G7h8L,+528186567890,2025-05-26 12:04:11
daniela.guzman.21@outlook.com,Daniela,Guzmán,$2b$12$p3.T1UvY88mD0zS.9qELeO79LzM9M92aB1q8A1b2C3d4E5f6G7h8M,+525557578901,2025-05-28 16:48:00
ivan.navarrete.64@gmail.com,Iván,Navarrete,$2b$12$q5.V3WxZ77mD0zS.9qELeO79LzM9M92aB1q8A1b2C3d4E5f6G7h8N,+523358589012,2025-05-31 08:22:35
sara.rosales.43@hotmail.com,Sara,Rosales,$2b$12$r7.X5YzA66mD0zS.9qELeO79LzM9M92aB1q8A1b2C3d4E5f6G7h8O,+522259590123,2025-06-02 14:15:19
oscar.velazquez.12@gmail.com,Óscar,Velázquez,$2b$12$s9.Z7AbB55mD0zS.9qELeO79LzM9M92aB1q8A1b2C3d4E5f6G7h8P,+524460601234,2025-06-05 11:50:08
adriana.salazar.79@yahoo.com,Adriana,Salazar,$2b$12$t1.B9CdC44mD0zS.9qELeO79LzM9M92aB1q8A1b2C3d4E5f6G7h8Q,+528341612345,2025-06-07 19:02:44
hector.mora.57@gmail.com,Héctor,Mora,$2b$12$u3.D1EfD33mD0zS.9qELeO79LzM9M92aB1q8A1b2C3d4E5f6G7h8R,+528182623456,2025-06-10 10:35:12
jimena.barrera.90@outlook.com,Jimena,Barrera,$2b$12$v5.F3GhE22mD0zS.9qELeO79LzM9M92aB1q8A1b2C3d4E5f6G7h8S,+525563634567,2025-06-12 15:20:50
arturo.avila.26@gmail.com,Arturo,Ávila,$2b$12$w7.H5IjF11mD0zS.9qELeO79LzM9M92aB1q8A1b2C3d4E5f6G7h8T,+523364645678,2025-06-15 09:12:00
gloria.villanueva.68@hotmail.com,Gloria,Villanueva,$2b$12$x9.J7KlG00mD0zS.9qELeO79LzM9M92aB1q8A1b2C3d4E5f6G7h8U,+522265656789,2025-06-17 17:40:22
cesar.paredes.34@gmail.com,César,Paredes,$2b$12$y1.L9MnH99mD0zS.9qELeO79LzM9M92aB1q8A1b2C3d4E5f6G7h8V,+524466667890,2025-06-20 13:08:15
elena.fuentes.75@yahoo.com,Elena,Fuentes,$2b$12$z3.N1OpI88mD0zS.9qELeO79LzM9M92aB1q8A1b2C3d4E5f6G7h8W,+528337678901,2025-06-22 21:14:30
raul.gallegos.50@gmail.com,Raúl,Gallegos,$2b$12$a5.P3QrJ77mD0zS.9qELeO79LzM9M92aB1q8A1b2C3d4E5f6G7h8X,+528188689012,2025-06-25 08:45:00
veronica.duran.97@outlook.com,Verónica,Durán,$2b$12$b7.R5StK66mD0zS.9qELeO79LzM9M92aB1q8A1b2C3d4E5f6G7h8Y,+525569690123,2025-06-27 12:30:10
julian.marroquin.25@gmail.com,Julián,Marroquín,$2b$12$c9.T7UvL55mD0zS.9qELeO79LzM9M92aB1q8A1b2C3d4E5f6G7h8Z,+523370701234,2025-06-30 16:05:40
claudia.montes.61@hotmail.com,Claudia,Montes,$2b$12$d1.V9WxM44mD0zS.9qELeO79LzM9M92aB1q8A1b2C3d4E5f6G7h8A,+522271712345,2025-07-02 10:18:25
manuel.corona.85@gmail.com,Manuel,Corona,$2b$12$e3.X1YzN33mD0zS.9qELeO79LzM9M92aB1q8A1b2C3d4E5f6G7h8B,+524472723456,2025-07-05 14:55:19
patricia.bernal.17@yahoo.com,Patricia,Bernal,$2b$12$f5.Z3AbO22mD0zS.9qELeO79LzM9M92aB1q8A1b2C3d4E5f6G7h8C,+528343734567,2025-07-07 09:22:11
francisco.salinas.44@gmail.com,Francisco,Salinas,$2b$12$g7.B5CdP11mD0zS.9qELeO79LzM9M92aB1q8A1b2C3d4E5f6G7h8D,+528184745678,2025-07-10 18:40:02
alejandra.vela.98@outlook.com,Alejandra,Vela,$2b$12$h9.D7EfQ00mD0zS.9qELeO79LzM9M92aB1q8A1b2C3d4E5f6G7h8E,+525575756789,2025-07-12 11:09:33
gonzalo.sosa.32@gmail.com,Gonzalo,Sosa,$2b$12$i1.F9GhR99mD0zS.9qELeO79LzM9M92aB1q8A1b2C3d4E5f6G7h8F,+523376767890,2025-07-15 15:33:00
monica.valenzuela.69@hotmail.com,Mónica,Valenzuela,$2b$12$j3.H1IjS88mD0zS.9qELeO79LzM9M92aB1q8A1b2C3d4E5f6G7h8G,+522277778901,2025-07-17 08:02:14
pablo.zamora.20@gmail.com,Pablo,Zamora,$2b$12$k5.J3KlT77mD0zS.9qELeO79LzM9M92aB1q8A1b2C3d4E5f6G7h8H,+524478789012,2025-07-20 13:48:50
beatriz.arellano.53@yahoo.com,Beatriz,Arellano,$2b$12$l7.L5MnU66mD0zS.9qELeO79LzM9M92aB1q8A1b2C3d4E5f6G7h8I,+528339790123,2025-07-22 20:15:05
alvaro.franco.86@gmail.com,Álvaro,Franco,$2b$12$m9.N7OpV55mD0zS.9qELeO79LzM9M92aB1q8A1b2C3d4E5f6G7h8J,+528180801234,2025-07-25 10:27:40
sofia.mora.38@outlook.com,Sofía,Mora,$2b$12$n1.P9QrW44mD0zS.9qELeO79LzM9M92aB1q8A1b2C3d4E5f6G7h8K,+525581812345,2025-07-27 17:00:12
mario.trujillo.72@gmail.com,Mario,Trujillo,$2b$12$o3.R1StX33mD0zS.9qELeO79LzM9M92aB1q8A1b2C3d4E5f6G7h8L,+523382823456,2025-07-30 12:44:20
diana.galvan.19@hotmail.com,Diana,Galván,$2b$12$p5.T3UvY22mD0zS.9qELeO79LzM9M92aB1q8A1b2C3d4E5f6G7h8M,+522283834567,2025-08-01 09:10:00
sergio.espinoza.63@gmail.com,Sergio,Espinoza,$2b$12$q7.V5WxZ11mD0zS.9qELeO79LzM9M92aB1q8A1b2C3d4E5f6G7h8N,+524484845678,2025-08-03 14:22:33
tania.rios.46@yahoo.com,Tania,Ríos,$2b$12$r9.X7YzA00mD0zS.9qELeO79LzM9M92aB1q8A1b2C3d4E5f6G7h8O,+528345856789,2025-08-06 18:55:10
enrique.robles.91@gmail.com,Enrique,Robles,$2b$12$s1.Z9AbB99mD0zS.9qELeO79LzM9M92aB1q8A1b2C3d4E5f6G7h8P,+528186867890,2025-08-08 11:38:05
vanessa.rocha.27@outlook.com,Vanessa,Rocha,$2b$12$t3.B1CdC88mD0zS.9qELeO79LzM9M92aB1q8A1b2C3d4E5f6G7h8Q,+525587878901,2025-08-11 16:12:40
armando.escobar.58@gmail.com,Armando,Escobar,$2b$12$u5.D3EfD77mD0zS.9qELeO79LzM9M92aB1q8A1b2C3d4E5f6G7h8R,+523388889012,2025-08-13 08:05:15
gloria.villarreal.82@hotmail.com,Gloria,Villarreal,$2b$12$v7.F5GhE66mD0zS.9qELeO79LzM9M92aB1q8A1b2C3d4E5f6G7h8S,+522289890123,2025-08-16 13:30:00
luis.andrade.14@gmail.com,Luis,Andrade,$2b$12$w9.H7IjF55mD0zS.9qELeO79LzM9M92aB1q8A1b2C3d4E5f6G7h8T,+524490901234,2025-08-18 19:45:22
carla.trejo.41@yahoo.com,Carla,Trejo,$2b$12$x1.J9KlG44mD0zS.9qELeO79LzM9M92aB1q8A1b2C3d4E5f6G7h8U,+528331912345,2025-08-21 10:02:18
andres.marin.77@gmail.com,Andrés,Marín,$2b$12$y3.L1MnH33mD0zS.9qELeO79LzM9M92aB1q8A1b2C3d4E5f6G7h8V,+528182923456,2025-08-23 15:19:04
lorena.ojeda.30@outlook.com,Lorena,Ojeda,$2b$12$z5.N3OpI22mD0zS.9qELeO79LzM9M92aB1q8A1b2C3d4E5f6G7h8W,+525593934567,2025-08-26 09:40:11
marcos.soriano.66@gmail.com,Marcos,Soriano,$2b$12$a7.P5QrJ11mD0zS.9qELeO79LzM9M92aB1q8A1b2C3d4E5f6G7h8X,+523394945678,2025-08-28 17:08:50
miriam.villalobos.93@hotmail.com,Miriam,Villalobos,$2b$12$b9.R7StK00mD0zS.9qELeO79LzM9M92aB1q8A1b2C3d4E5f6G7h8Y,+522295956789,2025-08-31 12:25:30
jorge.de_la_cruz.22@gmail.com,Jorge,De la Cruz,$2b$12$c1.T9UvL99mD0zS.9qELeO79LzM9M92aB1q8A1b2C3d4E5f6G7h8Z,+524496967890,2025-09-02 14:00:00
gisela.coronado.55@yahoo.com,Gisela,Coronado,$2b$12$d3.V1WxM88mD0zS.9qELeO79LzM9M92aB1q8A1b2C3d4E5f6G7h8A,+528347978901,2025-09-05 08:12:44
roberto.valdez.88@gmail.com,Roberto,Valdez,$2b$12$e5.X3YzN77mD0zS.9qELeO79LzM9M92aB1q8A1b2C3d4E5f6G7h8B,+528188989012,2025-09-07 16:50:19
silvia.gallegos.11@outlook.com,Silvia,Gallegos,$2b$12$f7.Z5AbO66mD0zS.9qELeO79LzM9M92aB1q8A1b2C3d4E5f6G7h8C,+525500001234,2025-09-10 11:15:02
jaime.rendon.45@gmail.com,Jaime,Rendón,$2b$12$g9.B7CdP55mD0zS.9qELeO79LzM9M92aB1q8A1b2C3d4E5f6G7h8D,+523301012345,2025-09-12 18:32:10
yolanda.franco.78@hotmail.com,Yolanda,Franco,$2b$12$h1.D9EfQ44mD0zS.9qELeO79LzM9M92aB1q8A1b2C3d4E5f6G7h8E,+522202023456,2025-09-15 10:05:25
tomas.olivares.39@gmail.com,Tomás,Olivares,$2b$12$i3.F1GhR33mD0zS.9qELeO79LzM9M92aB1q8A1b2C3d4E5f6G7h8F,+524403034567,2025-09-17 15:48:00
irma.santana.84@yahoo.com,Irma,Santana,$2b$12$j5.H3IjS22mD0zS.9qELeO79LzM9M92aB1q8A1b2C3d4E5f6G7h8G,+528334045678,2025-09-20 09:20:15
edgar.carrillo.16@gmail.com,Edgar,Carrillo,$2b$12$k7.J5KlT11mD0zS.9qELeO79LzM9M92aB1q8A1b2C3d4E5f6G7h8H,+528185056789,2025-09-22 13:10:40
loreto.padrón.60@outlook.com,Loreto,Padrón,$2b$12$l9.L7MnU00mD0zS.9qELeO79LzM9M92aB1q8A1b2C3d4E5f6G7h8I,+525506067890,2025-09-25 20:00:11
humberto.saldaña.92@gmail.com,Humberto,Saldaña,$2b$12$m1.N9OpV99mD0zS.9qELeO79LzM9M92aB1q8A1b2C3d4E5f6G7h8J,+523307078901,2025-09-27 12:42:05
alicia.zambrano.26@hotmail.com,Alicia,Zambrano,$2b$12$n3.P1QrW88mD0zS.9qELeO79LzM9M92aB1q8A1b2C3d4E5f6G7h8K,+522208089012,2025-09-30 08:30:19
mora.villarreal.73@gmail.com,Mora,Villarreal,$2b$12$o5.R3StX77mD0zS.9qELeO79LzM9M92aB1q8A1b2C3d4E5f6G7h8L,+524409090123,2025-10-02 17:15:00
bernardo.montoya.47@yahoo.com,Bernardo,Montoya,$2b$12$p7.T5UvY66mD0zS.9qELeO79LzM9M92aB1q8A1b2C3d4E5f6G7h8M,+528341101234,2025-10-05 11:08:44
elisa.esquivel.80@gmail.com,Elisa,Esquivel,$2b$12$q9.V7WxZ55mD0zS.9qELeO79LzM9M92aB1q8A1b2C3d4E5f6G7h8N,+528182112345,2025-10-07 14:50:22
ramon.galindo.31@outlook.com,Ramón,Galindo,$2b$12$r1.X9YzA44mD0zS.9qELeO79LzM9M92aB1q8A1b2C3d4E5f6G7h8O,+525513123456,2025-10-10 09:35:10
guillermina.baez.65@gmail.com,Guillermina,Báez,$2b$12$s3.Z1AbB33mD0zS.9qELeO79LzM9M92aB1q8A1b2C3d4E5f6G7h8P,+523314134567,2025-10-12 18:04:18
fidel.cisneros.98@hotmail.com,Fidel,Cisneros,$2b$12$t5.B3CdC22mD0zS.9qELeO79LzM9M92aB1q8A1b2C3d4E5f6G7h8Q,+522215145678,2025-10-15 13:22:00
minerva.resendiz.24@gmail.com,Minerva,Reséndiz,$2b$12$u7.D5EfD11mD0zS.9qELeO79LzM9M92aB1q8A1b2C3d4E5f6G7h8R,+524416156789,2025-10-17 10:45:30
samuel.tamayo.59@yahoo.com,Samuel,Tamayo,$2b$12$v9.F7GhE00mD0zS.9qELeO79LzM9M92aB1q8A1b2C3d4E5f6G7h8S,+528337167890,2025-10-20 16:11:15
ofelia.paz.83@gmail.com,Ofelia,Paz,$2b$12$w1.H9IjF99mD0zS.9qELeO79LzM9M92aB1q8A1b2C3d4E5f6G7h8T,+528188178901,2025-10-22 08:00:00
gonzalo.aragon.18@outlook.com,Gonzalo,Aragón,$2b$12$x3.J1KlG88mD0zS.9qELeO79LzM9M92aB1q8A1b2C3d4E5f6G7h8U,+525519189012,2025-10-25 15:33:40
agustina.segovia.51@gmail.com,Agustina,Segovia,$2b$12$y5.L3MnH77mD0zS.9qELeO79LzM9M92aB1q8A1b2C3d4E5f6G7h8V,+523320190123,2025-10-27 12:18:05
alec.ceballos.94@hotmail.com,Alec,Ceballos,$2b$12$z7.N5OpI66mD0zS.9qELeO79LzM9M92aB1q8A1b2C3d4E5f6G7h8W,+522221201234,2025-10-30 19:40:12
estela.cordero.37@gmail.com,Estela,Cordero,$2b$12$a9.P7QrJ55mD0zS.9qELeO79LzM9M92aB1q8A1b2C3d4E5f6G7h8X,+524422212345,2025-11-01 11:05:50
isaac.vazquez.70@yahoo.com,Isaac,Vázquez,$2b$12$b1.R9StK44mD0zS.9qELeO79LzM9M92aB1q8A1b2C3d4E5f6G7h8Y,+528343223456,2025-11-03 14:15:00
deborah.barrientos.13@gmail.com,Déborah,Barrientos,$2b$12$c3.T1UvL33mD0zS.9qELeO79LzM9M92aB1q8A1b2C3d4E5f6G7h8Z,+528184234567,2025-11-06 09:28:19
salvador.ponce.49@outlook.com,Salvador,Ponce,$2b$12$d5.V3WxM22mD0zS.9qELeO79LzM9M92aB1q8A1b2C3d4E5f6G7h8A,+525525245678,2025-11-08 17:50:11
margarita.lugo.86@gmail.com,Margarita,Lugo,$2b$12$e7.X5YzN11mD0zS.9qELeO79LzM9M92aB1q8A1b2C3d4E5f6G7h8B,+523326256789,2025-11-11 10:12:05
erik.galvan.20@hotmail.com,Erik,Galván,$2b$12$f9.Z7AbO00mD0zS.9qELeO79LzM9M92aB1q8A1b2C3d4E5f6G7h8C,+522227267890,2025-11-13 16:04:40
nadia.santamaria.63@gmail.com,Nadia,Santamaría,$2b$12$g1.B9CdP99mD0zS.9qELeO79LzM9M92aB1q8A1b2C3d4E5f6G7h8D,+524428278901,2025-11-16 08:40:22
marcelo.ojeda.96@yahoo.com,Marcelo,Ojeda,$2b$12$h3.D1EfQ88mD0zS.9qELeO79LzM9M92aB1q8A1b2C3d4E5f6G7h8E,+528339289012,2025-11-18 13:19:15
brenda.pineda.29@gmail.com,Brenda,Pineda,$2b$12$i5.F3GhR77mD0zS.9qELeO79LzM9M92aB1q8A1b2C3d4E5f6G7h8F,+528180290123,2025-11-21 18:05:00
abraham.robles.72@outlook.com,Abraham,Robles,$2b$12$j7.H5IjS66mD0zS.9qELeO79LzM9M92aB1q8A1b2C3d4E5f6G7h8G,+525531301234,2025-11-23 11:32:44
eugenia.padilla.15@gmail.com,Eugenia,Padilla,$2b$12$k9.J7KlT55mD0zS.9qELeO79LzM9M92aB1q8A1b2C3d4E5f6G7h8H,+523332312345,2025-11-26 15:10:10
otonio.medina.58@hotmail.com,Otoniel,Medina,$2b$12$l1.L9MnU44mD0zS.9qELeO79LzM9M92aB1q8A1b2C3d4E5f6G7h8I,+522233323456,2025-11-28 09:25:35
sylvia.castellanos.81@gmail.com,Sylvia,Castellanos,$2b$12$m3.N1OpV33mD0zS.9qELeO79LzM9M92aB1q8A1b2C3d4E5f6G7h8J,+524434334567,2025-12-01 12:00:00
adolfo.zamudio.44@yahoo.com,Adolfo,Zamudio,$2b$12$n5.P3QrW22mD0zS.9qELeO79LzM9M92aB1q8A1b2C3d4E5f6G7h8K,+528345345678,2025-12-03 17:45:12
tatiana.gallegos.77@gmail.com,Tatiana,Gallegos,$2b$12$o7.R5StX11mD0zS.9qELeO79LzM9M92aB1q8A1b2C3d4E5f6G7h8L,+528186356789,2025-12-06 10:30:00
moises.valles.10@outlook.com,Moisés,Valles,$2b$12$p9.T7UvY00mD0zS.9qELeO79LzM9M92aB1q8A1b2C3d4E5f6G7h8M,+525537367890,2025-12-08 14:18:50
clara.sosa.43@gmail.com,Clara,Sosa,$2b$12$q1.V9WxZ99mD0zS.9qELeO79LzM9M92aB1q8A1b2C3d4E5f6G7h8N,+523338378901,2025-12-11 20:05:19
mauricio.leal.87@hotmail.com,Mauricio,Leal,$2b$12$r3.X1YzA88mD0zS.9qELeO79LzM9M92aB1q8A1b2C3d4E5f6G7h8O,+522239389012,2025-12-13 08:50:05
alondra.villalobos.21@gmail.com,Alondra,Villalobos,$2b$12$s5.Z3AbB77mD0zS.9qELeO79LzM9M92aB1q8A1b2C3d4E5f6G7h8P,+524440390123,2025-12-16 13:12:30
fabián.delgado.54@yahoo.com,Fabián,Delgado,$2b$12$t7.B5CdC66mD0zS.9qELeO79LzM9M92aB1q8A1b2C3d4E5f6G7h8Q,+528331401234,2025-12-18 19:28:44
leticia.marines.98@gmail.com,Leticia,Marines,$2b$12$u9.D7EfD55mD0zS.9qELeO79LzM9M92aB1q8A1b2C3d4E5f6G7h8R,+528182412345,2025-12-21 11:00:15
rodolfo.bernal.32@outlook.com,Rodolfo,Bernal,$2b$12$v1.F9GhE44mD0zS.9qELeO79LzM9M92aB1q8A1b2C3d4E5f6G7h8S,+525543423456,2025-12-23 16:40:02
ingrid.alvarado.65@gmail.com,Ingrid,Alvarado,$2b$12$w3.H1IjF33mD0zS.9qELeO79LzM9M92aB1q8A1b2C3d4E5f6G7h8T,+523344434567,2025-12-26 09:15:33
santiago.zarate.99@hotmail.com,Santiago,Zárate,$2b$12$x5.J3KlG22mD0zS.9qELeO79LzM9M92aB1q8A1b2C3d4E5f6G7h8U,+522245445678,2025-12-28 15:02:10
ivonne.saldaña.42@gmail.com,Ivonne,Saldaña,$2b$12$y7.L5MnH11mD0zS.9qELeO79LzM9M92aB1q8A1b2C3d4E5f6G7h8V,+524446456789,2025-12-30 21:30:00
gustavo.tellez.75@yahoo.com,Gustavo,Téllez,$2b$12$z9.N7OpI00mD0zS.9qELeO79LzM9M92aB1q8A1b2C3d4E5f6G7h8W,+528347467890,2026-01-02 10:14:20
araceli.huerta.18@gmail.com,Araceli,Huerta,$2b$12$a1.P9QrJ99mD0zS.9qELeO79LzM9M92aB1q8A1b2C3d4E5f6G7h8X,+528188478901,2026-01-04 14:05:00
dante.villar.51@outlook.com,Dante,Villar,$2b$12$b3.R1StK88mD0zS.9qELeO79LzM9M92aB1q8A1b2C3d4E5f6G7h8Y,+525549489012,2026-01-07 08:32:15
maricela.lozano.84@gmail.com,Maricela,Lozano,$2b$12$c5.T3UvL77mD0zS.9qELeO79LzM9M92aB1q8A1b2C3d4E5f6G7h8Z,+523350490123,2026-01-09 17:20:40
noel.galvan.28@hotmail.com,Noel,Galván,$2b$12$d7.V5WxM66mD0zS.9qELeO79LzM9M92aB1q8A1b2C3d4E5f6G7h8A,+522251501234,2026-01-12 12:11:05
esmeralda.rosas.61@gmail.com,Esmeralda,Rosas,$2b$12$e9.X7YzN55mD0zS.9qELeO79LzM9M92aB1q8A1b2C3d4E5f6G7h8B,+524452512345,2026-01-14 19:48:19
abel.macias.95@yahoo.com,Abel,Macías,$2b$12$f1.Z9AbO44mD0zS.9qELeO79LzM9M92aB1q8A1b2C3d4E5f6G7h8C,+528333523456,2026-01-17 09:00:00
celeste.meza.38@gmail.com,Celeste,Meza,$2b$12$g3.B1CdP33mD0zS.9qELeO79LzM9M92aB1q8A1b2C3d4E5f6G7h8D,+528184534567,2026-01-19 13:42:10
saul.escamilla.71@outlook.com,Saúl,Escamilla,$2b$12$h5.D3EfQ22mD0zS.9qELeO79LzM9M92aB1q8A1b2C3d4E5f6G7h8E,+525555545678,2026-01-22 16:15:30
lilia.solares.14@gmail.com,Lilia,Solares,$2b$12$i7.F5GhR11mD0zS.9qELeO79LzM9M92aB1q8A1b2C3d4E5f6G7h8F,+523356556789,2026-01-24 10:28:00
marian.paz.47@hotmail.com,Marián,Paz,$2b$12$j9.H7IjS00mD0zS.9qELeO79LzM9M92aB1q8A1b2C3d4E5f6G7h8G,+522257567890,2026-01-27 15:55:22
esteban.solano.80@gmail.com,Esteban,Solano,$2b$12$k1.J9KlT99mD0zS.9qELeO79LzM9M92aB1q8A1b2C3d4E5f6G7h8H,+524458578901,2026-01-29 20:10:05
linda.ceballos.23@yahoo.com,Linda,Ceballos,$2b$12$l3.L1MnU88mD0zS.9qELeO79LzM9M92aB1q8A1b2C3d4E5f6G7h8I,+528349589012,2026-02-01 11:35:14
vicente.palacios.56@gmail.com,Vicente,Palacios,$2b$12$m5.N3OpV77mD0zS.9qELeO79LzM9M92aB1q8A1b2C3d4E5f6G7h8J,+528180590123,2026-02-03 08:20:40
pamela.franco.89@outlook.com,Pamela,Franco,$2b$12$n7.P5QrW66mD0zS.9qELeO79LzM9M92aB1q8A1b2C3d4E5f6G7h8K,+525561601234,2026-02-06 14:02:18
german.maldonado.22@gmail.com,Germán,Maldonado,$2b$12$o9.R7StX55mD0zS.9qELeO79LzM9M92aB1q8A1b2C3d4E5f6G7h8L,+523362612345,2026-02-08 18:40:00
raquel.aguilera.55@hotmail.com,Raquel,Aguilera,$2b$12$p1.T9UvY44mD0zS.9qELeO79LzM9M92aB1q8A1b2C3d4E5f6G7h8M,+522263623456,2026-02-11 09:12:30
cristian.beltran.88@gmail.com,Cristian,Beltrán,$2b$12$q3.V1WxZ33mD0zS.9qELeO79LzM9M92aB1q8A1b2C3d4E5f6G7h8N,+524464634567,2026-02-13 16:25:00
mirna.soto.31@yahoo.com,Mirna,Soto,$2b$12$r5.X3YzA22mD0zS.9qELeO79LzM9M92aB1q8A1b2C3d4E5f6G7h8O,+528335645678,2026-02-16 12:08:45
alonso.correa.64@gmail.com,Alonso,Correa,$2b$12$s7.Z5AbB11mD0zS.9qELeO79LzM9M92aB1q8A1b2C3d4E5f6G7h8P,+528186656789,2026-02-18 21:00:10
zaira.granados.97@outlook.com,Zaira,Granados,$2b$12$t9.B7CdC00mD0zS.9qELeO79LzM9M92aB1q8A1b2C3d4E5f6G7h8Q,+525567667890,2026-02-21 10:45:22
misael.ojeda.40@gmail.com,Misael,Ojeda,$2b$12$u1.D9EfD99mD0zS.9qELeO79LzM9M92aB1q8A1b2C3d4E5f6G7h8R,+523368678901,2026-02-23 15:30:05
fatima.teran.73@hotmail.com,Fátima,Terán,$2b$12$v3.F1GhE88mD0zS.9qELeO79LzM9M92aB1q8A1b2C3d4E5f6G7h8S,+522269689012,2026-02-26 08:18:40
ignacio.reyes.16@gmail.com,Ignacio,Reyes,$2b$12$w5.H3IjF77mD0zS.9qELeO79LzM9M92aB1q8A1b2C3d4E5f6G7h8T,+524470690123,2026-02-28 13:50:15
yolanda.becerra.49@yahoo.com,Yolanda,Becerra,$2b$12$x7.J5KlG66mD0zS.9qELeO79LzM9M92aB1q8A1b2C3d4E5f6G7h8U,+528341701234,2026-03-02 17:10:00
rene.rocha.82@gmail.com,René,Rocha,$2b$12$y9.L7MnH55mD0zS.9qELeO79LzM9M92aB1q8A1b2C3d4E5f6G7h8V,+528182712345,2026-03-05 11:22:30
claudia.arismendi.25@outlook.com,Claudia,Arismendi,$2b$12$z1.N9OpI44mD0zS.9qELeO79LzM9M92aB1q8A1b2C3d4E5f6G7h8W,+525573723456,2026-03-07 19:05:12
felix.medina.58@gmail.com,Félix,Medina,$2b$12$a3.P1QrJ33mD0zS.9qELeO79LzM9M92aB1q8A1b2C3d4E5f6G7h8X,+523374734567,2026-03-10 09:40:00
alicia.santillan.91@hotmail.com,Alicia,Santillán,$2b$12$b5.R3StK22mD0zS.9qELeO79LzM9M92aB1q8A1b2C3d4E5f6G7h8Y,+522275745678,2026-03-12 14:15:20
marcos.monroy.34@gmail.com,Marcos,Monroy,$2b$12$c7.T5UvL11mD0zS.9qELeO79LzM9M92aB1q8A1b2C3d4E5f6G7h8Z,+524476756789,2026-03-15 08:05:00
norma.pacheco.67@yahoo.com,Norma,Pacheco,$2b$12$d9.V7WxM00mD0zS.9qELeO79LzM9M92aB1q8A1b2C3d4E5f6G7h8A,+528337767890,2026-03-17 16:30:45
hector.orozco.10@gmail.com,Héctor,Orozco,$2b$12$e1.X9YzN99mD0zS.9qELeO79LzM9M92aB1q8A1b2C3d4E5f6G7h8B,+528188778901,2026-03-20 12:18:10
sonia.tamayo.43@outlook.com,Sonia,Tamayo,$2b$12$f3.Z1AbO88mD0zS.9qELeO79LzM9M92aB1q8A1b2C3d4E5f6G7h8C,+525579789012,2026-03-22 18:45:00
guillermo.loera.76@gmail.com,Guillermo,Loera,$2b$12$g5.B3CdP77mD0zS.9qELeO79LzM9M92aB1q8A1b2C3d4E5f6G7h8D,+523380790123,2026-03-25 10:10:15
gabriela.villalobos.19@hotmail.com,Gabriela,Villalobos,$2b$12$h7.D5EfQ66mD0zS.9qELeO79LzM9M92aB1q8A1b2C3d4E5f6G7h8E,+522281801234,2026-03-27 15:00:22
arturo.rocha.52@gmail.com,Arturo,Rocha,$2b$12$i9.F7GhR55mD0zS.9qELeO79LzM9M92aB1q8A1b2C3d4E5f6G7h8F,+524482812345,2026-03-30 09:25:00
leticia.montiel.85@yahoo.com,Leticia,Montiel,$2b$12$j1.H9IjS44mD0zS.9qELeO79LzM9M92aB1q8A1b2C3d4E5f6G7h8G,+528343823456,2026-04-01 13:40:10
salvador.aragon.28@gmail.com,Salvador,Aragón,$2b$12$k3.J1KlT33mD0zS.9qELeO79LzM9M92aB1q8A1b2C3d4E5f6G7h8H,+528184834567,2026-04-03 17:15:00
marcela.vazquez.61@outlook.com,Marcela,Vázquez,$2b$12$l5.L3MnU22mD0zS.9qELeO79LzM9M92aB1q8A1b2C3d4E5f6G7h8I,+525585845678,2026-04-06 11:05:30
felipe.cisneros.94@gmail.com,Felipe,Cisneros,$2b$12$m7.N5OpV11mD0zS.9qELeO79LzM9M92aB1q8A1b2C3d4E5f6G7h8J,+523386856789,2026-04-08 14:50:18
angela.serrano.37@hotmail.com,Ángela,Serrano,$2b$12$n9.P7QrW00mD0zS.9qELeO79LzM9M92aB1q8A1b2C3d4E5f6G7h8K,+522287867890,2026-04-11 08:30:00
pablo.galicia.70@gmail.com,Pablo,Galicia,$2b$12$o1.R9StX99mD0zS.9qELeO79LzM9M92aB1q8A1b2C3d4E5f6G7h8L,+524488878901,2026-04-13 16:02:44
adrian.valero.13@yahoo.com,Adrián,Valero,$2b$12$p3.T1UvY88mD0zS.9qELeO79LzM9M92aB1q8A1b2C3d4E5f6G7h8M,+528339889012,2026-04-16 10:20:11
veronica.cepeda.46@gmail.com,Verónica,Cepeda,$2b$12$q5.V3WxZ77mD0zS.9qELeO79LzM9M92aB1q8A1b2C3d4E5f6G7h8N,+528180890123,2026-04-18 19:12:00
edgar.navarrete.79@outlook.com,Edgar,Navarrete,$2b$12$r7.X5YzA66mD0zS.9qELeO79LzM9M92aB1q8A1b2C3d4E5f6G7h8O,+525591901234,2026-04-21 12:45:30
lourdes.coronado.22@gmail.com,Lourdes,Coronado,$2b$12$s9.Z7AbB55mD0zS.9qELeO79LzM9M92aB1q8A1b2C3d4E5f6G7h8P,+523392912345,2026-04-23 15:00:00
cesar.alvarez.55@hotmail.com,César,Álvarez,$2b$12$t1.B9CdC44mD0zS.9qELeO79LzM9M92aB1q8A1b2C3d4E5f6G7h8Q,+522293923456,2026-04-26 09:18:22
irma.pineda.88@gmail.com,Irma,Pineda,$2b$12$u3.D1EfD33mD0zS.9qELeO79LzM9M92aB1q8A1b2C3d4E5f6G7h8R,+524494934567,2026-04-28 13:40:05
alberto.zamudio.31@yahoo.com,Alberto,Zamudio,$2b$12$v5.F3GhE22mD0zS.9qELeO79LzM9M92aB1q8A1b2C3d4E5f6G7h8S,+528345945678,2026-05-01 18:25:00
diana.medrano.64@gmail.com,Diana,Medrano,$2b$12$w7.H5IjF11mD0zS.9qELeO79LzM9M92aB1q8A1b2C3d4E5f6G7h8T,+528186956789,2026-05-03 10:10:40
alvaro.becerril.97@outlook.com,Álvaro,Becerril,$2b$12$x9.J7KlG00mD0zS.9qELeO79LzM9M92aB1q8A1b2C3d4E5f6G7h8U,+525597967890,2026-05-06 14:35:15
marina.fajardo.40@gmail.com,Marina,Fajardo,$2b$12$y1.L9MnH99mD0zS.9qELeO79LzM9M92aB1q8A1b2C3d4E5f6G7h8V,+523398978901,2026-05-08 08:50:00
ramon.padilla.73@hotmail.com,Ramón,Padilla,$2b$12$z3.N1OpI88mD0zS.9qELeO79LzM9M92aB1q8A1b2C3d4E5f6G7h8W,+522299989012,2026-05-11 17:00:25
beatriz.reynoso.16@gmail.com,Beatriz,Reynoso,$2b$12$a5.P3QrJ77mD0zS.9qELeO79LzM9M92aB1q8A1b2C3d4E5f6G7h8X,+524400990123,2026-05-13 11:15:10
hugo.casillas.49@yahoo.com,Hugo,Casillas,$2b$12$b7.R5StK66mD0zS.9qELeO79LzM9M92aB1q8A1b2C3d4E5f6G7h8Y,+528331001234,2026-05-16 15:42:00
monica.castro.82@gmail.com,Mónica,Castro,$2b$12$c9.T7UvL55mD0zS.9qELeO79LzM9M92aB1q8A1b2C3d4E5f6G7h8Z,+528182012345,2026-05-18 09:05:30
israel.villegas.25@outlook.com,Israel,Villegas,$2b$12$d1.V9WxM44mD0zS.9qELeO79LzM9M92aB1q8A1b2C3d4E5f6G7h8A,+525503023456,2026-05-21 13:20:18
gloria.salgado.58@gmail.com,Gloria,Salgado,$2b$12$e3.X1YzN33mD0zS.9qELeO79LzM9M92aB1q8A1b2C3d4E5f6G7h8B,+523304034567,2026-05-23 20:00:00
javier.arellano.91@hotmail.com,Javier,Arellano,$2b$12$f5.Z3AbO22mD0zS.9qELeO79LzM9M92aB1q8A1b2C3d4E5f6G7h8C,+522205045678,2026-05-26 08:40:12
estela.guzman.34@gmail.com,Estela,Guzmán,$2b$12$g7.B5CdP11mD0zS.9qELeO79LzM9M92aB1q8A1b2C3d4E5f6G7h8D,+524406056789,2026-05-28 12:15:50
guillermo.lozano.67@yahoo.com,Guillermo,Lozano,$2b$12$h9.D7EfQ00mD0zS.9qELeO79LzM9M92aB1q8A1b2C3d4E5f6G7h8E,+528347067890,2026-05-31 16:30:00
patricia.sosa.10@gmail.com,Patricia,Sosa,$2b$12$i1.F9GhR99mD0zS.9qELeO79LzM9M92aB1q8A1b2C3d4E5f6G7h8F,+528188078901,2026-06-02 10:02:15
enrique.rodriguez.43@outlook.com,Enrique,Rodríguez,$2b$12$j3.H1IjS88mD0zS.9qELeO79LzM9M92aB1q8A1b2C3d4E5f6G7h8G,+525509089012,2026-06-05 14:45:00
rebeca.aragon.76@gmail.com,Rebeca,Aragón,$2b$12$k5.J3KlT77mD0zS.9qELeO79LzM9M92aB1q8A1b2C3d4E5f6G7h8H,+523310090123,2026-06-07 18:10:22
fidel.vallejo.19@hotmail.com,Fidel,Vallejo,$2b$12$l7.L5MnU66mD0zS.9qELeO79LzM9M92aB1q8A1b2C3d4E5f6G7h8I,+522211101234,2026-06-10 09:28:00
adriana.coronel.52@gmail.com,Adriana,Coronel,$2b$12$m9.N7OpV55mD0zS.9qELeO79LzM9M92aB1q8A1b2C3d4E5f6G7h8J,+524412112345,2026-06-12 13:55:40
manuel.rosales.85@yahoo.com,Manuel,Rosales,$2b$12$n1.P9QrW44mD0zS.9qELeO79LzM9M92aB1q8A1b2C3d4E5f6G7h8K,+528333123456,2026-06-15 17:20:00
cecilia.pineda.28@gmail.com,Cecilia,Pineda,$2b$12$o3.R1StX33mD0zS.9qELeO79LzM9M92aB1q8A1b2C3d4E5f6G7h8L,+528184134567,2026-06-17 11:05:12
rodrigo.franco.61@outlook.com,Rodrigo,Franco,$2b$12$p5.T3UvY22mD0zS.9qELeO79LzM9M92aB1q8A1b2C3d4E5f6G7h8M,+525515145678,2026-06-20 15:40:00
veronica.solano.94@gmail.com,Verónica,Solano,$2b$12$q7.V5WxZ11mD0zS.9qELeO79LzM9M92aB1q8A1b2C3d4E5f6G7h8N,+523316156789,2026-06-22 08:15:30
gabriel.monroy.37@hotmail.com,Gabriel,Monroy,$2b$12$r9.X7YzA00mD0zS.9qELeO79LzM9M92aB1q8A1b2C3d4E5f6G7h8O,+522217167890,2026-06-25 12:30:19
lorena.barrera.70@gmail.com,Lorena,Barrera,$2b$12$s1.Z9AbB99mD0zS.9qELeO79LzM9M92aB1q8A1b2C3d4E5f6G7h8P,+524418178901,2026-06-27 20:02:00
oscar.tellez.13@yahoo.com,Óscar,Téllez,$2b$12$t3.B1CdC88mD0zS.9qELeO79LzM9M92aB1q8A1b2C3d4E5f6G7h8Q,+528349189012,2026-06-30 09:45:10
silvia.esquivel.46@gmail.com,Silvia,Esquivel,$2b$12$u5.D3EfD77mD0zS.9qELeO79LzM9M92aB1q8A1b2C3d4E5f6G7h8R,+528180190123,2026-07-02 14:10:00
arturo.villalobos.79@outlook.com,Arturo,Villalobos,$2b$12$v7.F5GhE66mD0zS.9qELeO79LzM9M92aB1q8A1b2C3d4E5f6G7h8S,+525521201234,2026-07-05 18:25:35
teresa.huerta.22@gmail.com,Teresa,Huerta,$2b$12$w9.H7IjF55mD0zS.9qELeO79LzM9M92aB1q8A1b2C3d4E5f6G7h8T,+523322212345,2026-07-07 10:50:00
mario.delgado.55@hotmail.com,Mario,Delgado,$2b$12$x1.J9KlG44mD0zS.9qELeO79LzM9M92aB1q8A1b2C3d4E5f6G7h8U,+522223223456,2026-07-10 16:15:18
gloria.aragon.88@gmail.com,Gloria,Aragón,$2b$12$y3.L1MnH33mD0zS.9qELeO79LzM9M92aB1q8A1b2C3d4E5f6G7h8V,+524424234567,2026-07-12 11:30:00
ignacio.reyes.21@yahoo.com,Ignacio,Reyes,$2b$12$z5.N3OpI22mD0zS.9qELeO79LzM9M92aB1q8A1b2C3d4E5f6G7h8W,+528335245678,2026-07-15 13:08:40
diana.ponce.54@gmail.com,Diana,Ponce,$2b$12$a7.P5QrJ11mD0zS.9qELeO79LzM9M92aB1q8A1b2C3d4E5f6G7h8X,+528186256789,2026-07-17 19:42:00
gonzalo.montiel.87@outlook.com,Gonzalo,Montiel,$2b$12$b9.R7StK00mD0zS.9qELeO79LzM9M92aB1q8A1b2C3d4E5f6G7h8Y,+525527267890,2026-07-20 08:20:15
alicia.guzman.30@gmail.com,Alicia,Guzmán,$2b$12$c1.T9UvL99mD0zS.9qELeO79LzM9M92aB1q8A1b2C3d4E5f6G7h8Z,+523328278901,2026-07-22 15:05:00
felipe.salinas.63@hotmail.com,Felipe,Salinas,$2b$12$d3.V1WxM88mD0zS.9qELeO79LzM9M92aB1q8A1b2C3d4E5f6G7h8A,+522229289012,2026-07-25 10:38:22
margarita.vega.96@gmail.com,Margarita,Vega,$2b$12$e5.X3YzN77mD0zS.9qELeO79LzM9M92aB1q8A1b2C3d4E5f6G7h8B,+524430290123,2026-07-27 17:50:10
sergio.navarrete.39@yahoo.com,Sergio,Navarrete,$2b$12$f7.Z5AbO66mD0zS.9qELeO79LzM9M92aB1q8A1b2C3d4E5f6G7h8C,+528341301234,2026-07-30 12:12:00
rebeca.cruz.72@gmail.com,Rebeca,Cruz,$2b$12$g9.B7CdP55mD0zS.9qELeO79LzM9M92aB1q8A1b2C3d4E5f6G7h8D,+528182312345,2026-08-01 09:25:30
hugo.alvarez.15@outlook.com,Hugo,Álvarez,$2b$12$h1.D9EfQ44mD0zS.9qELeO79LzM9M92aB1q8A1b2C3d4E5f6G7h8E,+525533323456,2026-08-04 14:18:00
leticia.corona.48@gmail.com,Leticia,Corona,$2b$12$i3.F1GhR33mD0zS.9qELeO79LzM9M92aB1q8A1b2C3d4E5f6G7h8F,+523334334567,2026-08-06 20:00:15
pablo.rosas.81@hotmail.com,Pablo,Rosas,$2b$12$j5.H3IjS22mD0zS.9qELeO79LzM9M92aB1q8A1b2C3d4E5f6G7h8G,+522235345678,2026-08-09 11:42:00
eugenia.lozano.24@gmail.com,Eugenia,Lozano,$2b$12$k7.J5KlT11mD0zS.9qELeO79LzM9M92aB1q8A1b2C3d4E5f6G7h8H,+524436356789,2026-08-11 16:05:10
fernando.padrón.57@yahoo.com,Fernando,Padrón,$2b$12$l9.L7MnU00mD0zS.9qELeO79LzM9M92aB1q8A1b2C3d4E5f6G7h8I,+528337367890,2026-08-14 08:30:25
yolanda.zamudio.90@gmail.com,Yolanda,Zamudio,$2b$12$m1.N9OpV99mD0zS.9qELeO79LzM9M92aB1q8A1b2C3d4E5f6G7h8J,+528188378901,2026-08-16 13:15:00
cesar.escamilla.33@outlook.com,César,Escamilla,$2b$12$n3.P1QrW88mD0zS.9qELeO79LzM9M92aB1q8A1b2C3d4E5f6G7h8K,+525539389012,2026-08-19 18:40:40
veronica.fajardo.66@gmail.com,Verónica,Fajardo,$2b$12$o5.R3StX77mD0zS.9qELeO79LzM9M92aB1q8A1b2C3d4E5f6G7h8L,+523340390123,2026-08-21 10:10:00
alberto.villarreal.99@hotmail.com,Alberto,Villarreal,$2b$12$p7.T5UvY66mD0zS.9qELeO79LzM9M92aB1q8A1b2C3d4E5f6G7h8M,+522241401234,2026-08-24 15:22:18
gloria.monroy.32@gmail.com,Gloria,Monroy,$2b$12$q9.V7WxZ55mD0zS.9qELeO79LzM9M92aB1q8A1b2C3d4E5f6G7h8N,+524442412345,2026-08-26 09:00:00
hector.ceballos.65@yahoo.com,Héctor,Ceballos,$2b$12$r1.X9YzA44mD0zS.9qELeO79LzM9M92aB1q8A1b2C3d4E5f6G7h8O,+528343423456,2026-08-29 12:48:05
maricela.reyna.98@gmail.com,Maricela,Reyna,$2b$12$s3.Z1AbB33mD0zS.9qELeO79LzM9M92aB1q8A1b2C3d4E5f6G7h8P,+528184434567,2026-08-31 17:30:12