name_producto,descripcion_producto,id_categoria,precio_base_producto
Playera Oversize Negra,Playera 100% algodon de corte holgado estilo urbano,1,350.00
Jeans Slim Fit Azul,Pantalon de mezclilla stretch con ajuste comodo,2,699.50
Sudadera Fleece Gris,Sudadera con capucha y felpa termica interior,1,850.00
Camisa Formal Blanca,Camisa de vestir manga larga 100% algodon premium,1,549.00
Chamarra Piel Sintetica,Chamarra estilo biker con forro interior suave,2,1299.00
Pantalón Cargo Olive,Pantalon de trabajo con multiples bolsillos laterales,2,749.00
Playera Polo Slim,Playera tipo polo pique de cuello clasico,1,420.00
Vestido Casual Floral,Vestido corto estampado con tela ligera de verano,3,599.00
Short Deportivo Negro,Short de entrenamiento de secado rapido,2,299.00
Chaqueta Mezclilla Vintage,Chaqueta clasica de mezclilla azul lavado,2,950.00