id_variante,id_producto,sku,talla,color,stock_disponible,precio_especifico,precio_oferta,codigo_barras
a1b2c3d4-e5f6-7a8b-9c0d-111111111111,3d5c884c-4535-4cbb-9df6-489f943038af,PROD-1-S-NEG,S,Negro,15,299.00,249.00,7501234567890
a1b2c3d4-e5f6-7a8b-9c0d-222222222222,3d5c884c-4535-4cbb-9df6-489f943038af,PROD-1-M-NEG,M,Negro,25,299.00,,7501234567891
a1b2c3d4-e5f6-7a8b-9c0d-333333333333,177985a2-3255-46c8-bd8e-9e2854094767,PROD-2-L-NEG,L,Negro,20,299.00,229.00,7501234567892
a1b2c3d4-e5f6-7a8b-9c0d-444444444444,177985a2-3255-46c8-bd8e-9e2854094767,PROD-2-M-BLA,M,Blanco,10,299.00,,7501234567893
a1b2c3d4-e5f6-7a8b-9c0d-555555555555,d7d41c3d-7f66-4cd4-b923-f646c040b509,PROD-3-CH-AZU,CH,Azul,30,450.00,399.00,7501234567894
a1b2c3d4-e5f6-7a8b-9c0d-666666666666,d7d41c3d-7f66-4cd4-b923-f646c040b509,PROD-3-M-AZU,M,Azul,40,450.00,,7501234567895
a1b2c3d4-e5f6-7a8b-9c0d-777777777777,cdb6ed2e-395f-469c-90e1-6749fb631a57,PROD-4-G-AZU,G,Azul,18,450.00,,7501234567896
a1b2c3d4-e5f6-7a8b-9c0d-888888888888,fbf8ec02-f590-4953-85a1-49e3a467a39d,PROD-5-28-MEZ,28,Mezclilla,12,699.00,599.00,7501234567897
a1b2c3d4-e5f6-7a8b-9c0d-999999999999,2bb1a9b2-01b8-4f23-869f-fa0ee0b456f9,PROD-6-30-MEZ,30,Mezclilla,22,699.00,,7501234567898
b1b2c3d4-e5f6-7a8b-9c0d-101010101010,1ff5c74a-b71b-4128-a52a-4a161f5b88ee,PROD-7-32-MEZ,32,Mezclilla,15,699.00,,7501234567899
b1b2c3d4-e5f6-7a8b-9c0d-111111111111,c52f45ea-0eb5-40c6-b56e-48f4d7fb9530,PROD-8-M-ROJ,M,Rojo,8,899.00,799.00,7501234567800
b1b2c3d4-e5f6-7a8b-9c0d-121212121212,70ac9729-1a5e-42d4-850a-6f2b01d57f2c,PROD-9-L-ROJ,L,Rojo,14,899.00,,7501234567801
b1b2c3d4-e5f6-7a8b-9c0d-131313131313,dffb7e6c-63b3-479c-bcd7-a5d4a7a64a37,PROD-10-38-BLA,38,Blanco,5,1200.00,999.00,7501234567802
b1b2c3d4-e5f6-7a8b-9c0d-141414141414,36653a26-a3a5-424a-8d50-880b73cb4fd3,PROD-11-40-BLA,40,Blanco,9,1200.00,,7501234567803
b1b2c3d4-e5f6-7a8b-9c0d-151515151515,fcc93a8a-5f33-44ef-b079-e2884fcc7c01,PROD-12-G-GRIS,G,Gris,11,350.00,,7501234567804
b1b2c3d4-e5f6-7a8b-9c0d-161616161616,e8db30e5-f92b-4d81-b16c-d5d06249fbdd,PROD-13-EG-NEG,EG,Negro,7,499.00,429.00,7501234567805